{"None": 0.3881695056362723, "HSCs": 0.29628000162201873, "Gal-Nav": 0.4225819804437987, "mTERT": 0.23253057278613387, "Rapamycin": 0.2354370012656604, "mTERT,Rapamycin,HSCs,Gal-Nav": 0.3387141058946404, "Rapamycin,HSCs": 0.2722890954755659, "HSCs,mTERT": 0.2629687980488992, "Gal-Nav,mTERT": 0.34164224749390587, "Rapamycin,Gal-Nav": 0.4021642803467242, "Rapamycin,mTERT": 0.32161860968625533}